SKU,Product Name,Product Program,Price
SKU-2E7PH9G,Abstract 3D Backgrounds Collection,General Purpose,2.5
SKU-G0425H0,Abstract 3D Render Pack,General Purpose,2.5
SKU-Y77N11E,Abstract Background Image,General Purpose,1.25
SKU-5IA3N73,Abstract Brush Stroke Backgrounds,General Purpose,1.75
SKU-9GY3N88,Abstract Colorful Backgrounds,General Purpose,2
SKU-AJ929C8,Abstract Geometric Patterns,General Purpose,2.25
SKU-NHZLII4,Abstract Line Art Illustrations,General Purpose,2
SKU-MMQI6ON,Abstract Paint Strokes Set,General Purpose,1.5
SKU-UHH12BT,Black and White Abstract Art,General Purpose,2.25
SKU-S91W405,Black and White Photography Bundle,General Purpose,3.25
SKU-0L99U84,Business Icons Set,General Purpose,1
SKU-EV48074,Canva Blog Post Graphic Templates,Canva,2
SKU-SRXBY20,Canva Business Card Design,Canva,1.75
SKU-84LU22B,Canva Ebook Cover Design,Canva,4
SKU-08FH3XF,Canva Facebook Ad Templates,Canva,3.25
SKU-KEQ49GR,Canva Facebook Cover Design,Canva,2.5
SKU-BZQ5U73,Canva Facebook Post Templates,Canva,1.25
SKU-691QDRA,Canva Instagram Carousel Templates,Canva,2.75
SKU-F4WZI5F,Canva Instagram Grid Templates,Canva,2.25
SKU-7H6395A,Canva Instagram Highlight Covers,Canva,2
SKU-T350U1E,Canva Instagram Post Design,Canva,1.5
SKU-0Z9RG75,Canva Instagram Post Templates,Canva,1.5
SKU-62Y8K56,Canva Instagram Story Highlight Covers,Canva,1.75
SKU-9531SO5,Canva Instagram Story Templates,Canva,1.5
SKU-58LVVC4,Canva Pinterest Graphic Templates,Canva,1.75
SKU-PKXVBAS,Canva Pinterest Pin Templates,Canva,2.5
SKU-BPL4SU8,Canva Pinterest Quote Templates,Canva,2.5
SKU-TMR32Y0,Canva Presentation Slide Templates,Canva,2.25
SKU-36KKQUH,Canva Quote Graphic Templates,Canva,1.5
SKU-3M747A2,Canva Quote Poster Templates,Canva,1.75
SKU-95QFB65,Canva Social Media Banner Templates,Canva,2.75
SKU-103355J,Canva Social Media Post Templates,Canva,4
SKU-594OXJ1,Canva Social Media Quote Graphics,Canva,2
SKU-902SF50,Canva Twitter Header Templates,Canva,1.5
SKU-O45O190,Canva Twitter Post Templates,Canva,2.25
SKU-2EBL7LF,Canva YouTube Channel Art Templates,Canva,3
SKU-9DJXATV,Canva YouTube Thumbnail Templates,Canva,1.25
SKU-DVEI37I,Colorful Gradients Collection,General Purpose,1
SKU-J8K2C53,Digital Brush Stroke Set,General Purpose,1.25
SKU-BOL1981,Digital Paper Texture Collection,General Purpose,1.5
SKU-89HK1P0,Digital Watercolor Backgrounds,General Purpose,1.75
SKU-SJ648Q2,Digital Watercolor Texture Pack,General Purpose,2.75
SKU-E05K058,Excel Budget Spreadsheet Template,Microsoft Excel,2.5
SKU-4129WHS,Excel Budget Tracking Spreadsheet,Microsoft Excel,3
SKU-7I145GT,Excel Business Expense Spreadsheet,Microsoft Excel,2
SKU-P92E903,Excel Business Plan Template,Microsoft Excel,4.5
SKU-PUDB3HT,Excel Employee Performance Tracker,Microsoft Excel,4
SKU-0G10X6X,Excel Employee Schedule Template,Microsoft Excel,3
SKU-G4B68T3,Excel Expense Report Template,Microsoft Excel,2
SKU-W20626K,Excel Financial Planning Spreadsheet,Microsoft Excel,2.5
SKU-5QMLA3N,Excel Gantt Chart Template,Microsoft Excel,4
SKU-4AJQL34,Excel Inventory Tracking Spreadsheet,Microsoft Excel,2.5
SKU-M932F8M,Excel Mileage Log Spreadsheet,Microsoft Excel,1
SKU-36T5LNS,Excel Personal Finance Spreadsheet,Microsoft Excel,2
SKU-32W026T,Excel Project Budget Template,Microsoft Excel,2
SKU-ZT513VO,Excel Project Management Dashboard,Microsoft Excel,4.5
SKU-73F35C7,Excel Project Management Template,Microsoft Excel,4.5
SKU-R02C39T,Excel Project Task Tracker Template,Microsoft Excel,4
SKU-COFJZ9E,Excel Project Timeline Template,Microsoft Excel,3
SKU-6042813,Excel Sales Dashboard Template,Microsoft Excel,3
SKU-K0E2BG8,Excel Sales Forecast Dashboard,Microsoft Excel,2
SKU-7T24KLG,Excel Sales Forecast Spreadsheet,Microsoft Excel,3.5
SKU-1JOJMP1,Excel Sales Performance Dashboard,Microsoft Excel,3.75
SKU-QO880U8,Excel Sales Tracking Spreadsheet,Microsoft Excel,4
SKU-4TOH200,Excel Task Time Tracker Spreadsheet,Microsoft Excel,1.75
SKU-56W04HN,Excel Time Management Spreadsheet,Microsoft Excel,1.5
SKU-525LB74,Excel Time Tracking Spreadsheet,Microsoft Excel,1
SKU-NYUYD8I,Flat Design Backgrounds Pack,General Purpose,2.25
SKU-86929RA,Flat Design Character Illustrations,General Purpose,1.25
SKU-3D5UY8I,Flat Design Icons Pack,General Purpose,1.5
SKU-LE9O8A4,Geometric Patterns Bundle,General Purpose,3.5
SKU-976Q8CZ,Google Docs Booklet Template,Google Docs,2.5
SKU-77A75F3,Google Docs Business Card Template,Google Docs,1.5
SKU-507E36V,Google Docs Business Invoice Template,Google Docs,3
SKU-OU5C1LS,Google Docs Business Plan Template,Google Docs,3.5
SKU-R725EKQ,Google Docs Calendar Template,Google Docs,1.75
SKU-W3HL7B9,Google Docs Company Newsletter,Google Docs,2.25
SKU-O8C0197,Google Docs Company Profile Template,Google Docs,3
SKU-36OGBUW,Google Docs Customer Feedback Form,Google Docs,2.5
SKU-Q3H5S3X,Google Docs Employee Evaluation Form,Google Docs,2.75
SKU-92M07XI,Google Docs Employee Handbook Template,Google Docs,3
SKU-M2A70KK,Google Docs Event Flyer Template,Google Docs,3
SKU-8D9KH86,Google Docs Gift Certificate Template,Google Docs,2.25
SKU-B0AMD6H,Google Docs Invoice Template,Google Docs,3
SKU-3TCW0FS,Google Docs Lesson Plan Template,Google Docs,2
SKU-31PJ3W8,Google Docs Marketing Plan Template,Google Docs,2.5
SKU-KHU461H,Google Docs Meeting Agenda Template,Google Docs,2
SKU-91V86NL,Google Docs Meeting Minutes Template,Google Docs,1.75
SKU-P47MO8H,Google Docs Newsletter Template,Google Docs,3
SKU-HD89M5L,Google Docs Project Proposal Template,Google Docs,2.25
SKU-0T81F3R,Google Docs Project Timeline Template,Google Docs,2.25
SKU-506W60Y,Google Docs Recipe Book Template,Google Docs,2.25
SKU-3739HN3,Google Docs Recipe Card Template,Google Docs,2.5
SKU-L7T447T,Google Docs Resume Template,Google Docs,2
SKU-J8F7ZF1,Google Docs Sales Agreement Template,Google Docs,2.5
SKU-HF89744,Google Docs Social Media Content Calendar,Google Docs,1.75
SKU-HY0C0WQ,Google Docs Survey Template,Google Docs,1.5
SKU-225R517,Google Docs Wedding Invitation Template,Google Docs,2
SKU-X21OIZC,Google Slides Annual Report Presentation,Google Slides,4.5
SKU-0IZGA0F,Google Slides Business Pitch Deck,Google Slides,6
SKU-E11UI30,Google Slides Business Plan Presentation,Google Slides,5
SKU-O2YF57B,Google Slides Business Report Presentation,Google Slides,4
SKU-5AA94U8,Google Slides Business Strategy Presentation,Google Slides,3.5
SKU-O8485U0,Google Slides Company Overview Presentation,Google Slides,4.75
SKU-5YD6GOC,Google Slides Creative Agency Presentation,Google Slides,5
SKU-8YEY8YV,Google Slides Creative Portfolio Presentation,Google Slides,4.25
SKU-S3XBO65,Google Slides Creative Resume Template,Google Slides,5.5
SKU-ANB6416,Google Slides Education Presentation,Google Slides,4.5
SKU-0597972,Google Slides Educational Infographics,Google Slides,4.75
SKU-430BM01,Google Slides Fashion Lookbook,Google Slides,5
SKU-M96X2MX,Google Slides History Report Presentation,Google Slides,5.5
SKU-I9098N2,Google Slides Marketing Plan Presentation,Google Slides,5.5
SKU-RP0FJCJ,Google Slides Marketing Strategy Presentation,Google Slides,5.5
SKU-V49ZA6Z,Google Slides Photography Portfolio,Google Slides,5.75
SKU-289FJ33,Google Slides Pitch Deck Template,Google Slides,4.25
SKU-MQRJU7B,Google Slides Portfolio Presentation,Google Slides,4
SKU-JCT712S,Google Slides Product Launch Presentation,Google Slides,5.5
SKU-NCIVVUO,Google Slides Sales Pitch Deck,Google Slides,4.5
SKU-9RT57F0,Google Slides Sales Pitch Presentation,Google Slides,5
SKU-1P637C1,Google Slides Science Fair Presentation,Google Slides,4.25
SKU-6G34KXK,Google Slides Science Presentation,Google Slides,4.25
SKU-232ILEK,Google Slides Startup Pitch Presentation,Google Slides,5.5
SKU-S7F5SVK,Google Slides Team Introduction Presentation,Google Slides,5.25
SKU-A9035T9,Google Slides Travel Itinerary Presentation,Google Slides,4.25
SKU-ZE3K4I1,Gradient Mesh Backgrounds,General Purpose,1.25
SKU-7Z6B60Q,Hand-Drawn Arrows and Symbols,General Purpose,2.5
SKU-8OPRC50,Hand-Drawn Doodle Elements,General Purpose,2
SKU-3I308S5,Handwritten Font Collection,General Purpose,2.25
SKU-4Z07X9C,High-Resolution Beach Sunset Photo,General Purpose,1.5
SKU-9G20VMV,High-Resolution Cityscape Photo,General Purpose,1.25
SKU-50N4GQJ,High-Resolution Food Photography,General Purpose,1
SKU-TD975FO,High-Resolution Landscape Photo,General Purpose,1.25
SKU-528CM9A,Isometric Design Elements,General Purpose,2
SKU-8CQ0671,Minimalist Line Art Bundle,General Purpose,2
SKU-7UT09TL,Minimalist Photography Pack,General Purpose,2.75
SKU-Y1R36SI,Modern Line Art Portrait Illustrations,General Purpose,2
SKU-9L5UPAI,Modern Line Icons Pack,General Purpose,0.75
SKU-6OG824X,Modern Web Icons Pack,General Purpose,0.5
SKU-R5J969I,Neon Glow Effect Styles,General Purpose,2.5
SKU-752VZKH,Notion Blog Planner Template,Notion,3.5
SKU-25IKCN2,Notion Blog Post Planner,Notion,3
SKU-STINA9I,Notion Book Notes Template,Notion,2.5
SKU-KPD405Y,Notion Budget Tracker Dashboard,Notion,4
SKU-Y922726,Notion Content Calendar Dashboard,Notion,3.25
SKU-09K9222,Notion Content Calendar Template,Notion,3
SKU-7AL904Y,Notion Content Creation Dashboard,Notion,3.5
SKU-NZYY5US,Notion Creative Writing Template,Notion,2.5
SKU-8ELH2D3,Notion Daily Planner Template,Notion,3
SKU-AFF1W59,Notion Fitness Planner Dashboard,Notion,2.5
SKU-1JTTD04,Notion Fitness Tracker Dashboard,Notion,4.25
SKU-H866T2I,Notion Freelancer Invoice Template,Notion,2
SKU-A112YH4,Notion Goal Setting Dashboard,Notion,4
SKU-L998C52,Notion Goal Tracker Dashboard,Notion,3.25
SKU-2IQ3U3A,Notion Habit Tracker Dashboard,Notion,3.5
SKU-I0716K1,Notion Health and Fitness Tracker,Notion,4
SKU-X3MLUSG,Notion Health Journal Template,Notion,3
SKU-4M2D954,Notion Language Learning Dashboard,Notion,4
SKU-352M6P6,Notion Meal Planning Dashboard,Notion,3
SKU-22VO00N,Notion Mind Map Template,Notion,2
SKU-EO8UTRE,Notion Personal Journal Template,Notion,2.25
SKU-R2LAT1G,Notion Project Collaboration Dashboard,Notion,4.5
SKU-1L3T10Q,Notion Project Collaboration Template,Notion,3.5
SKU-059FQP8,Notion Project Management Dashboard,Notion,4
SKU-WRB2KIO,Notion Project Management Template,Notion,4
SKU-63AR91D,Notion Project Planning Dashboard,Notion,3.5
SKU-7D7SQUE,Notion Project Tracker Dashboard,Notion,3.75
SKU-I41I1J6,Notion Recipe Collection Template,Notion,3
SKU-D9VZD4F,Notion Recipe Organizer Template,Notion,2
SKU-9CQ2R5O,Notion Study Group Dashboard,Notion,3.5
SKU-78473YL,Notion Study Planner Dashboard,Notion,3.5
SKU-RKJ1878,Notion Travel Itinerary Planner,Notion,3
SKU-D9T5V1W,Notion Travel Journal Template,Notion,2.5
SKU-Y2LT835,Notion Travel Planner Template,Notion,3.5
SKU-H530KV6,PowerPoint Business Overview Presentation,Microsoft PowerPoint,5
SKU-97Y596Q,PowerPoint Business Pitch Deck Presentation,Microsoft PowerPoint,5.25
SKU-N6S56T1,PowerPoint Business Plan Presentation,Microsoft PowerPoint,5.25
SKU-26T2071,PowerPoint Business Review Presentation,Microsoft PowerPoint,4.5
SKU-0ABRZPT,PowerPoint Company Overview Presentation,Microsoft PowerPoint,4.5
SKU-FZM9ZN1,PowerPoint Company Profile Presentation,Microsoft PowerPoint,4
SKU-3W74PO6,PowerPoint Creative Portfolio Presentation,Microsoft PowerPoint,5.5
SKU-796RI1G,PowerPoint Event Planning Presentation,Microsoft PowerPoint,4.25
SKU-E81IGDX,PowerPoint Infographic Presentation,Microsoft PowerPoint,3.75
SKU-US10651,PowerPoint Investor Pitch Presentation,Microsoft PowerPoint,5
SKU-QG14BO6,PowerPoint Leadership Training Presentation,Microsoft PowerPoint,4
SKU-P84H9CR,PowerPoint Marketing Campaign Presentation,Microsoft PowerPoint,5
SKU-QR7SE13,PowerPoint Marketing Strategy Presentation,Microsoft PowerPoint,4.25
SKU-9B9P6IB,PowerPoint Pitch Deck for Startups,Microsoft PowerPoint,4
SKU-86815A5,PowerPoint Product Launch Presentation,Microsoft PowerPoint,5
SKU-89325YW,PowerPoint Product Roadmap Presentation,Microsoft PowerPoint,5.25
SKU-G93998K,PowerPoint Product Showcase Presentation,Microsoft PowerPoint,5.5
SKU-T29T4R1,PowerPoint Project Status Presentation,Microsoft PowerPoint,3.75
SKU-0A9JIHL,PowerPoint Sales Presentation Template,Microsoft PowerPoint,4.5
SKU-E73P3FV,PowerPoint SWOT Analysis Presentation,Microsoft PowerPoint,4
SKU-35188E2,PowerPoint Team Building Presentation,Microsoft PowerPoint,4.75
SKU-VJ2F6TL,PowerPoint Teamwork Presentation,Microsoft PowerPoint,5.5
SKU-BGT139D,PowerPoint Timeline Presentation,Microsoft PowerPoint,3.75
SKU-91C5WIP,PowerPoint Training Manual Presentation,Microsoft PowerPoint,4
SKU-WB524Z9,PowerPoint Training Program Presentation,Microsoft PowerPoint,4.75
SKU-BV766H3,Social Media Avatar Pack,General Purpose,1
SKU-ZZYDW0O,Social Media Banner Templates,General Purpose,1.25
SKU-KBSIDFO,Social Media Icon Set,General Purpose,0.5
SKU-11FJ33R,Social Media Quote Graphics Pack,General Purpose,1.5
SKU-LJ14A86,Stock Photo Bundle - Nature Scenes,General Purpose,3.5
SKU-680YSXY,Stock Photo Bundle - Seasons Collection,General Purpose,3.75
SKU-186H05R,Stock Photo Bundle - Travel Adventures,General Purpose,3.75
SKU-ZS497WY,Stock Photo Bundle - Urban Life,General Purpose,3
SKU-6M22R2S,Sunset Sky High-Resolution Photo,General Purpose,1.75
SKU-WH9K3W5,Task Management Database Template,General Purpose,2
SKU-R189103,Task Tracker Database Template,General Purpose,2
SKU-01AX98W,Technology Background Image,General Purpose,1
SKU-1JR8C7O,Vector Art Abstract Shapes,General Purpose,2
SKU-B0GGFQO,Vector Floral Design,General Purpose,2
SKU-W1A4B65,Vector Icons - Business and Finance,General Purpose,0.75
SKU-WE3GZ05,Vector Icons - Nature and Ecology,General Purpose,1.5
SKU-NIIHSDV,Vector Icons - Technology and Gadgets,General Purpose,1.25
SKU-ISU89P2,Vector Illustrations - Animals,General Purpose,2
SKU-T5289XB,Vector Patterns - Seamless Collection,General Purpose,3
SKU-GK55AB9,Vintage Film Grain Textures,General Purpose,1.5
SKU-DV9PHD8,Vintage Paper Textures Set,General Purpose,1.75
SKU-75FP2Q9,Vintage Textures Pack,General Purpose,3.25
SKU-ZV1E26N,Vintage Typography Poster Template,General Purpose,3
SKU-26K64BQ,Watercolor Floral Backgrounds Pack,General Purpose,2.75
SKU-HJ89539,Watercolor Floral Clipart Set,General Purpose,2.75
SKU-OS4Y9KQ,Watercolor Splash Brushes Set,General Purpose,1.5
SKU-QJ69G75,Watercolor Texture Brushes Pack,General Purpose,3
SKU-RS12J62,Word Brochure Template,Microsoft Word,4
SKU-Z015G12,Word Business Letterhead Template,Microsoft Word,2.25
SKU-994M7V4,Word Business Proposal Template,Microsoft Word,3.5
SKU-5RM2DG3,Word Certificate of Appreciation Template,Microsoft Word,3
SKU-948JN47,Word Certificate Template,Microsoft Word,2.5
SKU-6IYAT64,Word Company Letterhead Template,Microsoft Word,2.5
SKU-K84DC5K,Word Creative Writing Template,Microsoft Word,2.75
SKU-3F1SS5E,Word Event Invitation Template,Microsoft Word,2.75
SKU-GG7CL4P,Word Event Program Template,Microsoft Word,3
SKU-FTLLT1T,Word Event Ticket Template,Microsoft Word,2.25
SKU-BUL2K7D,Word Flyer Template,Microsoft Word,2
SKU-2209K73,Word Gift Certificate Template,Microsoft Word,3
SKU-C0A8R4I,Word Invitation Template,Microsoft Word,2.5
SKU-37DQ1CV,Word Invoice Template,Microsoft Word,2.5
SKU-5433MQ4,Word Letterhead Template,Microsoft Word,2
SKU-VEVT071,Word Marketing Brochure Template,Microsoft Word,4
SKU-RO5G267,Word Meeting Agenda Design,Microsoft Word,2.5
SKU-909IUUB,Word Meeting Minutes Template,Microsoft Word,2
SKU-CJ73R6B,Word Menu Template,Microsoft Word,3
SKU-CNVTB7E,Word Newsletter Design Template,Microsoft Word,2.5
SKU-4OFJ561,Word Newsletter Template,Microsoft Word,2.5
SKU-90PY542,Word Poster Design Template,Microsoft Word,2.25
SKU-R3E712W,Word Poster Template,Microsoft Word,1.5
SKU-BZH5559,Word Proposal Cover Page Template,Microsoft Word,1.75
SKU-GZFTX2X,Word Proposal Template,Microsoft Word,3.25
SKU-JCMX6YY,Word Resume Cover Letter Template,Microsoft Word,3.25
SKU-YRR2EX9,Word Resume Template,Microsoft Word,3
